accuracy -,precision Beach,precision Sunset,precision FallFoliage,precision Field,precision Mountain,precision Urban,recall Beach,recall Sunset,recall FallFoliage,recall Field,recall Mountain,recall Urban
0.6962878787878788,0.748528079710145,0.8472222222222223,0.8114763969171485,0.7792565139263253,0.7426470588235295,0.7216137965760324,0.6813271604938271,0.782457729468599,0.7321794871794871,0.7379923150816522,0.6011904761904763,0.6233926805143423
0.6962878787878788,0.8222109304426377,0.9029605263157896,0.8696141098484848,0.8257526178010471,0.796875,0.7951388888888893,0.6813271604938271,0.782457729468599,0.7321794871794871,0.7379923150816522,0.6011904761904763,0.6233926805143423
0.6962878787878788,0.682408896034298,0.8381742738589213,0.7117082035306334,0.7620716510903428,0.6422466422466423,0.6603195937873358,0.6813271604938271,0.782457729468599,0.7321794871794871,0.7379923150816522,0.6011904761904763,0.6233926805143423
0.6962878787878788,0.767789193302892,0.8466076696165192,0.8068033854166666,0.8045532646048111,0.7445436507936508,0.7729028697571744,0.6813271604938271,0.782457729468599,0.7321794871794871,0.7379923150816522,0.6011904761904763,0.6233926805143423
