{"accuracy -": 0.8741355463347166, "precision Beach": 0.8637992831541218, "precision Sunset": 0.9796511627906976, "precision FallFoliage": 0.9508706467661692, "precision Field": 0.870049504950495, "precision Mountain": 0.8606220657276996, "precision Urban": 0.8824685534591196, "recall Beach": 0.8580043859649122, "recall Sunset": 0.9460227272727273, "recall FallFoliage": 0.8842592592592593, "recall Field": 0.8919573643410854, "recall Mountain": 0.8231132075471698, "recall Urban": 0.7819148936170213, "Hamming-Loss -": 0.07780082987551867}