{"accuracy -": 0.8630952380952381, "precision Beach": 0.866393786733837, "precision Sunset": 0.9634615384615385, "precision FallFoliage": 0.9270520520520522, "precision Field": 0.899325626204239, "precision Mountain": 0.8613582443653616, "precision Urban": 0.8691282746160794, "recall Beach": 0.8492402659069325, "recall Sunset": 0.9130434782608695, "recall FallFoliage": 0.8876923076923077, "recall Field": 0.8507444764649377, "recall Mountain": 0.818110850897736, "recall Urban": 0.7992087042532146, "Hamming-Loss -": 0.07670995670995671}